Repo Id,Commit Id,Date,Message
439936625,e8c3faf008326a68729437bc221f5d7d1c22e464,2021-12-19T18:20:57Z,Create test
421914330,847915c1681fedad2b45d029748432c18c4c96f3,2021-10-27T17:50:21Z,Delete CS33012 Marc Andreessen Essay.docx
421914330,25d7e141bda2855b49f3ca40d3b6c49de3dd292d,2021-10-27T17:49:17Z,Add files via upload
421914330,f2f579f0e059d9bc227649aa8359a2a40d7f1fa3,2021-10-27T17:35:04Z,Add files via upload
421914330,5fda5aea4a7d2ff9c120d7f65a0fe18c656d6449,2021-10-27T17:34:30Z,Add files via upload
416777383,1afadcc7a01fdca28cb903bb48d85cafd815faff,2021-10-31T16:53:05Z,"Merge pull request #2 from paddyocallaghan/DAG

changed test class and main"
416777383,ae9c8ede5723589dc925215e6c3b14501241861d,2021-10-31T16:52:49Z,changed test class and main
416777383,2068fcdd2c52c4790bc8535cfddf685520c515c2,2021-10-29T18:42:27Z,"Merge pull request #1 from paddyocallaghan/DAG

DAG functionality"
416777383,cefe55b099900c57c72bbc332f0f8ed00e090f84,2021-10-29T18:42:02Z,Add files via upload
416777383,1003a467b5c07c040e304e77ede56050e1a98038,2021-10-13T17:21:09Z,Add files via upload
416481303,1d26ab651bdc8e9f761a9cec07810507c3050560,2021-10-12T20:06:25Z,Add files via upload
